Date,sales
2019-01-01,1.00
2019-01-01,1.00
2019-01-01,1.00
2019-01-01,3.00
2019-01-01,1.00
2019-01-01,1.00
2019-01-01,1.00
2019-01-01,1.00
2019-01-01,1.00
2019-01-01,1.00
2019-01-01,1.00
2019-01-01,1.00
2019-01-01,1.00
2019-01-01,1.00
2019-01-01,1.00
2019-01-01,1.00
2019-01-01,1.00
2019-01-01,1.00
2019-01-01,1.00
2019-01-01,1.00
2019-01-01,1.00
2019-01-01,1.00
2019-01-01,1.00
2019-01-01,1.00
2019-01-01,2.00
2019-01-01,1.00
2019-01-01,1.00
2019-01-01,1.00
2019-01-01,2.00
2019-01-01,1.00
2019-01-01,1.00
2019-01-01,1.00
2019-01-01,1.00
2019-01-01,1.00
2019-01-01,1.00
2019-01-01,1.00
2019-01-01,1.00
2019-01-01,1.00
2019-01-01,1.00
2019-01-01,1.00
2019-01-01,1.00
2019-01-01,1.00
2019-01-01,1.00
2019-01-01,1.00
2019-01-01,1.00
2019-01-01,1.00
2019-01-01,2.00
2019-01-01,1.00
2019-01-01,1.00
2019-01-01,1.00
2019-01-01,1.00
2019-01-01,1.00
2019-01-01,2.00
2019-01-01,3.00
2019-01-01,1.00
2019-01-01,1.00
2019-01-01,1.00
2019-01-01,1.00
2019-01-01,1.00
2019-01-01,1.00
2019-01-01,1.00
2019-01-01,2.00
2019-01-01,1.00
2019-01-01,1.00
2019-01-01,1.00
2019-01-01,1.00
2019-01-01,1.00
2019-01-01,1.00
2019-01-01,1.00
2019-01-01,1.00
2019-01-01,1.00
2019-01-01,1.00
2019-01-01,1.00
2019-01-01,1.00
2019-01-01,1.00
2019-01-01,1.00
2019-01-01,1.00
2019-01-01,1.00
2019-01-01,3.00
2019-01-01,1.00
2019-01-01,1.00
2019-01-01,1.00
2019-01-01,1.00
2019-01-01,1.00
2019-01-01,1.00
2019-01-01,1.00
2019-01-01,2.00
2019-01-01,1.00
2019-01-01,1.00
2019-01-01,1.00
2019-01-01,1.00
2019-01-01,1.00
2019-01-01,1.00
2019-01-01,1.00
2019-01-01,1.00
2019-01-01,1.00
2019-01-01,2.00
2019-01-01,1.00
2019-01-01,1.00
2019-01-01,1.00
2019-01-01,1.00
2019-01-01,1.00
2019-01-01,1.00
2019-01-01,1.00
2019-01-01,2.00
2019-01-01,1.00
2019-01-01,1.00
2019-01-01,1.00
2019-01-01,1.00
2019-01-01,1.00
2019-01-01,1.00
2019-01-01,1.00
2019-01-01,1.00
2019-01-01,1.00
2019-01-01,1.00
2019-01-01,1.00
2019-01-01,2.00
2019-01-01,1.00
2019-01-01,1.00
2019-01-01,1.00
2019-01-01,1.00
2019-01-01,1.00
2019-01-01,1.00
2019-01-01,1.00
2019-01-01,1.00
2019-01-01,1.00
2019-01-01,1.00
2019-01-01,1.00
2019-01-01,1.00
2019-01-01,1.00
2019-01-01,2.00
2019-01-01,1.00
2019-01-01,3.00
2019-01-01,1.00
2019-01-01,1.00
2019-01-01,1.00
2019-01-01,1.00
2019-01-01,1.00
2019-01-01,1.00
2019-01-01,1.00
2019-01-01,1.00
2019-01-01,1.00
2019-01-01,1.00
2019-01-01,1.00
2019-01-01,1.00
2019-01-01,1.00
2019-01-01,1.00
2019-01-01,1.00
2019-01-01,1.00
2019-01-01,1.00
2019-01-01,1.00
2019-01-01,1.00
2019-01-01,1.00
2019-01-01,1.00
2019-01-01,1.00
2019-01-01,1.00
2019-01-01,1.00
2019-01-01,1.00
2019-01-01,1.00
2019-01-01,1.00
2019-01-01,1.00
2019-01-01,2.00
2019-01-01,1.00
2019-01-01,1.00
2019-01-01,1.00
2019-01-01,3.00
2019-01-01,2.00
2019-01-01,1.00
2019-01-01,1.00
2019-01-01,1.00
2019-01-01,1.00
2019-01-01,3.00
2019-01-01,2.00
2019-01-01,1.00
2019-01-01,1.00
2019-01-01,1.00
2019-01-01,2.00
2019-01-01,1.00
2019-01-01,1.00
2019-01-01,1.00
2019-01-01,1.00
2019-01-01,1.00
2019-01-01,1.00
2019-01-01,1.00
2019-01-01,1.00
2019-01-01,1.00
2019-01-01,1.00
2019-01-01,1.00
2019-01-01,1.00
2019-01-01,2.00
2019-01-01,1.00
2019-01-01,1.00
2019-01-01,1.00
2019-01-01,1.00
2019-01-01,1.00
2019-01-01,1.00
2019-01-01,1.00
2019-01-01,1.00
2019-01-01,1.00
2019-01-01,1.00
2019-01-01,1.00
2019-01-01,2.00
2019-01-01,1.00
2019-01-01,1.00
2019-01-01,1.00
2019-01-01,1.00
2019-01-01,1.00
2019-01-01,1.00
2019-01-01,2.00
2019-01-01,1.00
2019-01-01,1.00
2019-01-01,1.00
2019-01-01,1.00
2019-01-01,4.00
2019-01-01,1.00
2019-01-01,1.00
2019-01-01,1.00
2019-01-01,1.00
2019-01-01,1.00
2019-01-01,1.00
2019-01-01,1.00
2019-01-01,1.00
2019-01-01,1.00
2019-01-01,1.00
2019-01-01,1.00
2019-01-01,1.00
2019-01-01,1.00
2019-01-01,1.00
2019-01-01,1.00
2019-01-01,1.00
2019-01-01,1.00
2019-01-01,1.00
2019-01-01,1.00
2019-01-01,1.00
2019-01-01,3.00
2019-01-01,1.00
2019-01-01,1.00
2019-01-01,1.00
2019-01-01,1.00
2019-01-01,1.00
2019-01-01,2.00
2019-01-01,1.00
2019-01-01,1.00
2019-01-01,1.00
2019-01-01,1.00
2019-01-01,1.00
2019-01-01,1.00
2019-01-01,1.00
2019-01-01,1.00
2019-01-01,1.00
2019-01-01,1.00
2019-01-01,1.00
2019-01-01,1.00
2019-01-01,2.00
2019-01-01,1.00
2019-01-01,2.00
2019-01-01,1.00
2019-01-01,1.00
2019-01-01,1.00
2019-01-01,1.00
2019-01-01,1.00
2019-01-01,1.00
2019-01-01,1.00
2019-01-01,2.00
2019-01-01,1.00
2019-01-01,2.00
2019-01-01,1.00
2019-01-01,1.00
2019-01-01,1.00
2019-01-01,1.00
2019-01-01,1.00
2019-01-01,1.00
2019-01-01,1.00
2019-01-01,1.00
2019-01-01,1.00
2019-01-01,1.00
2019-01-01,1.00
2019-01-01,1.00
2019-01-01,1.00
2019-01-01,1.00
2019-01-01,2.00
2019-01-01,1.00
2019-01-01,1.00
2019-01-01,1.00
2019-01-01,1.00
2019-01-01,1.00
2019-01-01,1.00
2019-01-01,1.00
2019-01-01,2.00
2019-01-01,1.00
2019-01-01,1.00
2019-01-01,1.00
2019-01-01,1.00
2019-01-01,1.00
2019-01-01,1.00
2019-01-01,1.00
2019-01-01,1.00
2019-01-01,1.00
2019-01-01,1.00
2019-01-01,1.00
2019-01-01,1.00
2019-01-01,1.00
2019-01-02,1.00
2019-01-02,1.00
2019-01-02,1.00
2019-01-02,1.00
2019-01-02,1.00
2019-01-02,1.00
2019-02-01,1.00
2019-02-01,1.00
2019-02-01,1.00
2019-02-01,1.00
2019-02-01,3.00
2019-02-01,1.00
2019-02-01,1.00
2019-02-01,1.00
2019-02-01,1.00
2019-02-01,1.00
2019-02-01,1.00
2019-02-01,1.00
2019-02-01,1.00
2019-02-01,1.00
2019-02-01,1.00
2019-02-01,1.00
2019-02-01,1.00
2019-02-01,2.00
2019-02-01,3.00
2019-02-01,1.00
2019-02-01,1.00
2019-02-01,1.00
2019-02-01,1.00
2019-02-01,1.00
2019-02-01,1.00
2019-02-01,1.00
2019-02-01,1.00
2019-02-01,1.00
2019-02-01,2.00
2019-02-01,1.00
2019-02-01,1.00
2019-02-01,1.00
2019-02-01,1.00
2019-02-01,1.00
2019-02-01,1.00
2019-02-01,1.00
2019-02-01,1.00
2019-02-01,1.00
2019-02-01,1.00
2019-02-01,4.00
2019-02-01,1.00
2019-02-01,1.00
2019-02-01,1.00
2019-02-01,1.00
2019-02-01,1.00
2019-02-01,1.00
2019-02-01,2.00
2019-02-01,1.00
2019-02-01,1.00
2019-02-01,1.00
2019-02-01,2.00
2019-02-01,1.00
2019-02-01,1.00
2019-02-01,1.00
2019-02-01,1.00
2019-02-01,1.00
2019-02-01,1.00
2019-02-01,1.00
2019-02-01,1.00
2019-02-01,1.00
2019-02-01,1.00
2019-02-01,1.00
2019-02-01,1.00
2019-02-01,1.00
2019-02-01,1.00
2019-02-01,1.00
2019-02-01,2.00
2019-02-01,1.00
2019-02-01,1.00
2019-02-01,1.00
2019-02-01,1.00
2019-02-01,1.00
2019-02-01,1.00
2019-02-01,1.00
2019-02-01,1.00
2019-02-01,1.00
2019-02-01,1.00
2019-02-01,1.00
2019-02-01,1.00
2019-02-01,1.00
2019-02-01,2.00
2019-02-01,2.00
2019-02-01,1.00
2019-02-01,1.00
2019-02-01,1.00
2019-02-01,1.00
2019-02-01,1.00
2019-02-01,2.00
2019-02-01,2.00
2019-02-01,1.00
2019-02-01,1.00
2019-02-01,1.00
2019-02-01,1.00
2019-02-01,1.00
2019-02-01,1.00
2019-02-01,1.00
2019-02-01,1.00
2019-02-01,1.00
2019-02-01,2.00
2019-02-01,2.00
2019-02-01,1.00
2019-02-01,1.00
2019-02-01,1.00
2019-02-01,1.00
2019-02-01,1.00
2019-02-01,2.00
2019-02-01,1.00
2019-02-01,1.00
2019-02-01,1.00
2019-02-01,1.00
2019-02-01,2.00
2019-02-01,1.00
2019-02-01,1.00
2019-02-01,1.00
2019-02-01,1.00
2019-02-01,1.00
2019-02-01,1.00
2019-02-01,1.00
2019-02-01,1.00
2019-02-01,1.00
2019-02-01,1.00
2019-02-01,1.00
2019-02-01,1.00
2019-02-01,1.00
2019-02-01,1.00
2019-02-01,1.00
2019-02-01,1.00
2019-02-01,1.00
2019-02-01,1.00
2019-02-01,1.00
2019-02-01,1.00
2019-02-01,1.00
2019-02-01,1.00
2019-02-01,1.00
2019-02-01,2.00
2019-02-01,1.00
2019-02-01,1.00
2019-02-01,1.00
2019-02-01,1.00
2019-02-01,1.00
2019-02-01,1.00
2019-02-01,1.00
2019-02-01,1.00
2019-02-01,1.00
2019-02-01,1.00
2019-02-01,1.00
2019-02-01,1.00
2019-02-01,1.00
2019-02-01,1.00
2019-02-01,1.00
2019-02-01,1.00
2019-02-01,3.00
2019-02-01,1.00
2019-02-01,1.00
2019-02-01,1.00
2019-02-01,1.00
2019-02-01,1.00
2019-02-01,1.00
2019-02-01,1.00
2019-02-01,1.00
2019-02-01,1.00
2019-02-01,1.00
2019-02-01,1.00
2019-02-01,2.00
2019-02-01,1.00
2019-02-01,1.00
2019-02-01,1.00
2019-02-01,1.00
2019-02-01,1.00
2019-02-01,1.00
2019-02-01,1.00
2019-02-01,1.00
2019-02-01,1.00
2019-02-01,1.00
2019-02-01,1.00
2019-02-01,1.00
2019-02-01,1.00
2019-02-01,1.00
2019-02-01,3.00
2019-02-01,1.00
2019-02-01,1.00
2019-02-01,1.00
2019-02-01,1.00
2019-02-01,1.00
2019-02-01,1.00
2019-02-01,1.00
2019-02-01,1.00
2019-02-01,1.00
2019-02-01,1.00
2019-02-01,2.00
2019-02-01,1.00
2019-02-01,1.00
2019-02-01,1.00
2019-02-01,1.00
2019-02-01,1.00
2019-02-01,1.00
2019-02-01,2.00
2019-02-01,1.00
2019-02-01,3.00
2019-02-01,1.00
2019-02-01,1.00
2019-02-01,1.00
2019-02-01,2.00
2019-02-01,1.00
2019-02-01,1.00
2019-02-01,1.00
2019-02-01,1.00
2019-02-01,1.00
2019-02-01,3.00
2019-02-01,1.00
2019-02-01,1.00
2019-02-01,2.00
2019-02-01,1.00
2019-02-01,1.00
2019-02-01,1.00
2019-02-01,1.00
2019-02-01,1.00
2019-02-01,1.00
2019-02-01,1.00
2019-02-01,1.00
2019-02-01,2.00
2019-02-01,2.00
2019-02-01,1.00
2019-02-01,1.00
2019-02-01,2.00
2019-02-01,1.00
2019-02-01,1.00
2019-02-01,2.00
2019-02-01,1.00
2019-02-01,1.00
2019-02-01,1.00
2019-02-01,1.00
2019-02-01,1.00
2019-02-01,1.00
2019-02-01,1.00
2019-02-01,1.00
2019-02-01,1.00
2019-02-01,1.00
2019-02-01,1.00
2019-02-01,1.00
2019-02-01,1.00
2019-02-01,1.00
2019-02-01,1.00
2019-02-01,1.00
2019-02-01,1.00
2019-02-01,1.00
2019-02-01,1.00
2019-02-01,2.00
2019-02-01,1.00
2019-02-01,1.00
2019-02-01,1.00
2019-02-01,1.00
2019-02-01,1.00
2019-02-01,1.00
2019-02-01,1.00
2019-02-01,1.00
2019-02-01,1.00
2019-02-01,1.00
2019-02-01,1.00
2019-02-01,1.00
2019-02-01,1.00
2019-02-01,1.00
2019-02-01,1.00
2019-02-01,1.00
2019-02-01,1.00
2019-02-01,1.00
2019-02-01,1.00
2019-02-01,1.00
2019-02-01,1.00
2019-02-01,1.00
2019-02-01,1.00
2019-02-01,1.00
2019-02-01,1.00
2019-02-01,1.00
2019-02-01,1.00
2019-02-01,1.00
2019-02-01,1.00
2019-02-01,1.00
2019-02-01,1.00
2019-02-01,1.00
2019-02-01,1.00
2019-02-01,1.00
2019-02-01,1.00
2019-02-01,1.00
2019-02-01,1.00
2019-02-01,3.00
2019-02-01,1.00
2019-02-01,1.00
2019-02-01,1.00
2019-02-01,1.00
2019-02-01,1.00
2019-02-01,1.00
2019-02-01,1.00
2019-02-01,1.00
2019-02-01,1.00
2019-02-01,1.00
2019-02-01,1.00
2019-02-01,1.00
2019-02-01,1.00
2019-02-01,1.00
2019-02-01,1.00
2019-02-01,1.00
2019-02-01,1.00
2019-02-01,1.00
2019-02-01,1.00
2019-02-01,1.00
2019-02-01,1.00
2019-02-01,1.00
2019-02-01,1.00
2019-02-01,1.00
2019-02-01,2.00
2019-02-01,1.00
2019-02-01,1.00
2019-02-01,2.00
2019-02-01,1.00
2019-02-01,1.00
2019-02-01,2.00
2019-02-01,1.00
2019-02-01,1.00
2019-02-01,1.00
2019-02-01,1.00
2019-02-01,1.00
2019-02-01,1.00
2019-02-01,1.00
2019-03-01,1.00
2019-03-01,1.00
2019-03-01,1.00
2019-03-01,1.00
2019-03-01,1.00
2019-03-01,1.00
2019-03-01,1.00
2019-03-01,1.00
2019-03-01,1.00
2019-03-01,1.00
2019-03-01,1.00
2019-03-01,1.00
2019-03-01,1.00
2019-03-01,1.00
2019-03-01,1.00
2019-03-01,1.00
2019-03-01,1.00
2019-03-01,1.00
2019-03-01,1.00
2019-03-01,1.00
2019-03-01,1.00
2019-03-01,1.00
2019-03-01,1.00
2019-03-01,1.00
2019-03-01,1.00
2019-03-01,1.00
2019-03-01,1.00
2019-03-01,1.00
2019-03-01,1.00
2019-03-01,1.00
2019-03-01,1.00
2019-03-01,1.00
2019-03-01,1.00
2019-03-01,1.00
2019-03-01,1.00
2019-03-01,1.00
2019-03-01,1.00
2019-03-01,1.00
2019-03-01,1.00
2019-03-01,1.00
2019-03-01,1.00
2019-03-01,1.00
2019-03-01,2.00
2019-03-01,1.00
2019-03-01,2.00
2019-03-01,1.00
2019-03-01,1.00
2019-03-01,1.00
2019-03-01,1.00
2019-03-01,1.00
2019-03-01,1.00
2019-03-01,1.00
2019-03-01,1.00
2019-03-01,1.00
2019-03-01,1.00
2019-03-01,1.00
2019-03-01,2.00
2019-03-01,1.00
2019-03-01,2.00
2019-03-01,1.00
2019-03-01,2.00
2019-03-01,1.00
2019-03-01,1.00
2019-03-01,1.00
2019-03-01,2.00
2019-03-01,1.00
2019-03-01,1.00
2019-03-01,1.00
2019-03-01,1.00
2019-03-01,2.00
2019-03-01,1.00
2019-03-01,1.00
2019-03-01,1.00
2019-03-01,1.00
2019-03-01,2.00
2019-03-01,1.00
2019-03-01,3.00
2019-03-01,1.00
2019-03-01,1.00
2019-03-01,1.00
2019-03-01,2.00
2019-03-01,1.00
2019-03-01,1.00
2019-03-01,1.00
2019-03-01,1.00
2019-03-01,1.00
2019-03-01,1.00
2019-03-01,1.00
2019-03-01,1.00
2019-03-01,1.00
2019-03-01,1.00
2019-03-01,1.00
2019-03-01,1.00
2019-03-01,1.00
2019-03-01,1.00
2019-03-01,1.00
2019-03-01,1.00
2019-03-01,1.00
2019-03-01,1.00
2019-03-01,1.00
2019-03-01,1.00
2019-03-01,1.00
2019-03-01,1.00
2019-03-01,1.00
2019-03-01,1.00
2019-03-01,1.00
2019-03-01,1.00
2019-03-01,1.00
2019-03-01,1.00
2019-03-01,1.00
2019-03-01,2.00
2019-03-01,3.00
2019-03-01,1.00
2019-03-01,1.00
2019-03-01,1.00
2019-03-01,1.00
2019-03-01,1.00
2019-03-01,1.00
2019-03-01,1.00
2019-03-01,2.00
2019-03-01,1.00
2019-03-01,1.00
2019-03-01,1.00
2019-03-01,1.00
2019-03-01,1.00
2019-03-01,1.00
2019-03-01,1.00
2019-03-01,1.00
2019-03-01,1.00
2019-03-01,1.00
2019-03-01,1.00
2019-03-01,2.00
2019-03-01,1.00
2019-03-01,1.00
2019-03-01,2.00
2019-03-01,1.00
2019-03-01,2.00
2019-03-01,1.00
2019-03-01,1.00
2019-03-01,2.00
2019-03-01,1.00
2019-03-01,1.00
2019-03-01,1.00
2019-03-01,1.00
2019-03-01,1.00
2019-03-01,1.00
2019-03-01,1.00
2019-03-01,2.00
2019-03-01,1.00
2019-03-01,1.00
2019-03-01,1.00
2019-03-01,1.00
2019-03-01,1.00
2019-03-01,1.00
2019-03-01,1.00
2019-03-01,1.00
2019-03-01,1.00
2019-03-01,1.00
2019-03-01,1.00
2019-03-01,1.00
2019-03-01,1.00
2019-03-01,1.00
2019-03-01,1.00
2019-03-01,1.00
2019-03-01,1.00
2019-03-01,1.00
2019-03-01,2.00
2019-03-01,1.00
2019-03-01,1.00
2019-03-01,1.00
2019-03-01,1.00
2019-03-01,2.00
2019-03-01,1.00
2019-03-01,1.00
2019-03-01,1.00
2019-03-01,1.00
2019-03-01,1.00
2019-03-01,1.00
2019-03-01,2.00
2019-03-01,1.00
2019-03-01,1.00
2019-03-01,2.00
2019-03-01,1.00
2019-03-01,1.00
2019-03-01,1.00
2019-03-01,1.00
2019-03-01,1.00
2019-03-01,1.00
2019-03-01,1.00
2019-03-01,1.00
2019-03-01,1.00
2019-03-01,3.00
2019-03-01,1.00
2019-03-01,1.00
2019-03-01,1.00
2019-03-01,1.00
2019-03-01,1.00
2019-03-01,1.00
2019-03-01,1.00
2019-03-01,1.00
2019-03-01,1.00
2019-03-01,1.00
2019-03-01,1.00
2019-03-01,1.00
2019-03-01,3.00
2019-03-01,2.00
2019-03-01,1.00
2019-03-01,1.00
2019-03-01,1.00
2019-03-01,1.00
2019-03-01,2.00
2019-03-01,1.00
2019-03-01,1.00
2019-03-01,2.00
2019-03-01,1.00
2019-03-01,1.00
2019-03-01,1.00
2019-03-01,1.00
2019-03-01,1.00
2019-03-01,1.00
2019-03-01,1.00
2019-03-01,1.00
2019-03-01,1.00
2019-03-01,1.00
2019-03-01,1.00
2019-03-01,1.00
2019-03-01,1.00
2019-03-01,1.00
2019-03-01,1.00
2019-03-01,1.00
2019-03-01,1.00
2019-03-01,1.00
2019-03-01,1.00
2019-03-01,1.00
2019-03-01,1.00
2019-03-01,1.00
2019-03-01,1.00
2019-03-01,2.00
2019-03-01,1.00
2019-03-01,2.00
2019-03-01,1.00
2019-03-01,1.00
2019-03-01,1.00
2019-03-01,1.00
2019-03-01,1.00
2019-03-01,1.00
2019-03-01,1.00
2019-03-01,1.00
2019-03-01,1.00
2019-03-01,1.00
2019-03-01,1.00
2019-03-01,1.00
2019-03-01,1.00
2019-03-01,1.00
2019-03-01,1.00
2019-03-01,1.00
2019-03-01,1.00
2019-03-01,1.00
2019-03-01,1.00
2019-03-01,1.00
2019-03-01,1.00
2019-03-01,1.00
2019-03-01,1.00
2019-03-01,1.00
2019-03-01,1.00
2019-03-01,1.00
2019-03-01,1.00
2019-03-01,1.00
2019-03-01,1.00
2019-03-01,1.00
2019-03-01,1.00
2019-03-01,1.00
2019-03-01,1.00
2019-03-01,1.00
2019-03-01,1.00
2019-03-01,1.00
2019-03-01,1.00
2019-03-01,1.00
2019-03-01,1.00
2019-03-01,1.00
2019-03-01,1.00
2019-03-01,1.00
2019-03-01,1.00
2019-03-01,1.00
2019-03-01,1.00
2019-03-01,2.00
2019-03-01,1.00
2019-03-01,1.00
2019-03-01,1.00
2019-03-01,1.00
2019-03-01,1.00
2019-03-01,1.00
2019-03-01,1.00
2019-03-01,1.00
2019-03-01,1.00
2019-03-01,1.00
2019-04-01,1.00
2019-04-01,1.00
2019-04-01,1.00
2019-04-01,1.00
2019-04-01,2.00
2019-04-01,1.00
2019-04-01,1.00
2019-04-01,1.00
2019-04-01,2.00
2019-04-01,1.00
2019-04-01,3.00
2019-04-01,1.00
2019-04-01,1.00
2019-04-01,1.00
2019-04-01,1.00
2019-04-01,1.00
2019-04-01,1.00
2019-04-01,1.00
2019-04-01,1.00
2019-04-01,1.00
2019-04-01,1.00
2019-04-01,1.00
2019-04-01,1.00
2019-04-01,1.00
2019-04-01,1.00
2019-04-01,1.00
2019-04-01,1.00
2019-04-01,1.00
2019-04-01,1.00
2019-04-01,2.00
2019-04-01,1.00
2019-04-01,1.00
2019-04-01,3.00
2019-04-01,1.00
2019-04-01,1.00
2019-04-01,1.00
2019-04-01,1.00
2019-04-01,2.00
2019-04-01,1.00
2019-04-01,2.00
2019-04-01,3.00
2019-04-01,1.00
2019-04-01,1.00
2019-04-01,1.00
2019-04-01,1.00
2019-04-01,1.00
2019-04-01,1.00
2019-04-01,1.00
2019-04-01,1.00
2019-04-01,1.00
2019-04-01,1.00
2019-04-01,3.00
2019-04-01,1.00
2019-04-01,1.00
2019-04-01,1.00
2019-04-01,1.00
2019-04-01,1.00
2019-04-01,1.00
2019-04-01,1.00
2019-04-01,1.00
2019-04-01,1.00
2019-04-01,1.00
2019-04-01,2.00
2019-04-01,1.00
2019-04-01,1.00
2019-04-01,1.00
2019-04-01,1.00
2019-04-01,1.00
2019-04-01,1.00
2019-04-01,1.00
2019-04-01,1.00
2019-04-01,1.00
2019-04-01,1.00
2019-04-01,1.00
2019-04-01,1.00
2019-04-01,1.00
2019-04-01,1.00
2019-04-01,1.00
2019-04-01,1.00
2019-04-01,1.00
2019-04-01,1.00
2019-04-01,1.00
2019-04-01,1.00
2019-04-01,1.00
2019-04-01,1.00
2019-04-01,1.00
2019-04-01,1.00
2019-04-01,1.00
2019-04-01,1.00
2019-04-01,1.00
2019-04-01,1.00
2019-04-01,1.00
2019-04-01,1.00
2019-04-01,1.00
2019-04-01,1.00
2019-04-01,1.00
2019-04-01,1.00
2019-04-01,1.00
2019-04-01,1.00
2019-04-01,1.00
2019-04-01,1.00
2019-04-01,3.00
2019-04-01,1.00
2019-04-01,1.00
2019-04-01,1.00
2019-04-01,1.00
2019-04-01,1.00
2019-04-01,1.00
2019-04-01,1.00
2019-04-01,1.00
2019-04-01,1.00
2019-04-01,1.00
2019-04-01,1.00
2019-04-01,1.00
2019-04-01,1.00
2019-04-01,2.00
2019-04-01,1.00
2019-04-01,1.00
2019-04-01,1.00
2019-04-01,1.00
2019-04-01,1.00
2019-04-01,1.00
2019-04-01,1.00
2019-04-01,1.00
2019-04-01,1.00
2019-04-01,1.00
2019-04-01,3.00
2019-04-01,1.00
2019-04-01,2.00
2019-04-01,1.00
2019-04-01,1.00
2019-04-01,1.00
2019-04-01,1.00
2019-04-01,1.00
2019-04-01,1.00
2019-04-01,1.00
2019-04-01,1.00
2019-04-01,1.00
2019-04-01,1.00
2019-04-01,1.00
2019-04-01,1.00
2019-04-01,1.00
2019-04-01,1.00
2019-04-01,1.00
2019-04-01,1.00
2019-04-01,3.00
2019-04-01,1.00
2019-04-01,1.00
2019-04-01,1.00
2019-04-01,1.00
2019-04-01,3.00
2019-04-01,1.00
2019-04-01,1.00
2019-04-01,1.00
2019-04-01,1.00
2019-04-01,1.00
2019-04-01,1.00
2019-04-01,1.00
2019-04-01,1.00
2019-04-01,1.00
2019-04-01,1.00
2019-04-01,1.00
2019-04-01,1.00
2019-04-01,1.00
2019-04-01,4.00
2019-04-01,1.00
2019-04-01,2.00
2019-04-01,1.00
2019-04-01,1.00
2019-04-01,1.00
2019-04-01,1.00
2019-04-01,1.00
2019-04-01,1.00
2019-04-01,1.00
2019-04-01,1.00
2019-04-01,1.00
2019-04-01,1.00
2019-04-01,1.00
2019-04-01,1.00
2019-04-01,1.00
2019-04-01,1.00
2019-04-01,1.00
2019-04-01,1.00
2019-04-01,1.00
2019-04-01,1.00
2019-04-01,1.00
2019-04-01,1.00
2019-04-01,1.00
2019-04-01,1.00
2019-04-01,1.00
2019-04-01,1.00
2019-04-01,1.00
2019-04-01,1.00
2019-04-01,1.00
2019-04-01,1.00
2019-04-01,1.00
2019-04-01,1.00
2019-04-01,1.00
2019-04-01,1.00
2019-04-01,1.00
2019-04-01,1.00
2019-04-01,1.00
2019-04-01,1.00
2019-04-01,1.00
2019-04-01,1.00
2019-04-01,1.00
2019-04-01,1.00
2019-04-01,1.00
2019-04-01,1.00
2019-04-01,1.00
2019-04-01,1.00
2019-04-01,1.00
2019-04-01,1.00
2019-04-01,1.00
2019-04-01,1.00
2019-04-01,1.00
2019-04-01,1.00
2019-04-01,1.00
2019-04-01,1.00
2019-04-01,1.00
2019-04-01,1.00
2019-04-01,1.00
2019-04-01,1.00
2019-04-01,1.00
2019-04-01,1.00
2019-04-01,1.00
2019-04-01,1.00
2019-04-01,1.00
2019-04-01,1.00
2019-04-01,1.00
2019-04-01,1.00
2019-04-01,1.00
2019-04-01,1.00
2019-04-01,1.00
2019-04-01,2.00
2019-04-01,1.00
2019-04-01,1.00
2019-04-01,1.00
2019-04-01,1.00
2019-04-01,1.00
2019-04-01,1.00
2019-04-01,2.00
2019-04-01,2.00
2019-04-01,1.00
2019-04-01,2.00
2019-04-01,1.00
2019-04-01,1.00
2019-04-01,2.00
2019-04-01,1.00
2019-04-01,1.00
2019-04-01,1.00
2019-04-01,1.00
2019-04-01,1.00
2019-04-01,1.00
2019-04-01,2.00
2019-04-01,1.00
2019-04-01,1.00
2019-04-01,1.00
2019-04-01,1.00
2019-04-01,1.00
2019-04-01,1.00
2019-04-01,1.00
2019-04-01,1.00
2019-04-01,1.00
2019-04-01,1.00
2019-04-01,1.00
2019-04-01,1.00
2019-04-01,1.00
2019-04-01,1.00
2019-04-01,1.00
2019-04-01,2.00
2019-04-01,1.00
2019-04-01,1.00
2019-04-01,1.00
2019-04-01,1.00
2019-04-01,1.00
2019-04-01,1.00
2019-04-01,1.00
2019-04-01,1.00
2019-04-01,1.00
2019-04-01,1.00
2019-04-01,1.00
2019-04-01,1.00
2019-04-01,1.00
2019-04-01,1.00
2019-04-01,2.00
2019-04-01,1.00
2019-04-01,1.00
2019-04-01,1.00
2019-04-01,1.00
2019-04-01,1.00
2019-04-01,1.00
2019-04-01,1.00
2019-04-01,1.00
2019-05-01,1.00
2019-05-01,1.00
2019-05-01,1.00
2019-05-01,1.00
2019-05-01,1.00
2019-05-01,1.00
2019-05-01,1.00
2019-05-01,1.00
2019-05-01,1.00
2019-05-01,1.00
2019-05-01,1.00
2019-05-01,2.00
2019-05-01,2.00
2019-05-01,1.00
2019-05-01,1.00
2019-05-01,2.00
2019-05-01,1.00
2019-05-01,1.00
2019-05-01,1.00
2019-05-01,1.00
2019-05-01,1.00
2019-05-01,1.00
2019-05-01,1.00
2019-05-01,1.00
2019-05-01,1.00
2019-05-01,1.00
2019-05-01,1.00
2019-05-01,1.00
2019-05-01,1.00
2019-05-01,1.00
2019-05-01,1.00
2019-05-01,1.00
2019-05-01,1.00
2019-05-01,1.00
2019-05-01,1.00
2019-05-01,1.00
2019-05-01,1.00
2019-05-01,1.00
2019-05-01,1.00
2019-05-01,1.00
2019-05-01,1.00
2019-05-01,1.00
2019-05-01,1.00
2019-05-01,1.00
2019-05-01,1.00
2019-05-01,1.00
2019-05-01,1.00
2019-05-01,1.00
2019-05-01,1.00
2019-05-01,1.00
2019-05-01,1.00
2019-05-01,1.00
2019-05-01,1.00
2019-05-01,1.00
2019-05-01,1.00
2019-05-01,1.00
2019-05-01,1.00
2019-05-01,1.00
2019-05-01,1.00
2019-05-01,1.00
2019-05-01,1.00
2019-05-01,1.00
2019-05-01,1.00
2019-05-01,1.00
2019-05-01,1.00
2019-05-01,2.00
2019-05-01,1.00
2019-05-01,1.00
2019-05-01,1.00
2019-05-01,1.00
2019-05-01,1.00
2019-05-01,1.00
2019-05-01,2.00
2019-05-01,4.00
2019-05-01,1.00
2019-05-01,1.00
2019-05-01,1.00
2019-05-01,1.00
2019-05-01,1.00
2019-05-01,1.00
2019-05-01,1.00
2019-05-01,1.00
2019-05-01,1.00
2019-05-01,1.00
2019-05-01,1.00
2019-05-01,1.00
2019-05-01,1.00
2019-05-01,1.00
2019-05-01,1.00
2019-05-01,1.00
2019-05-01,1.00
2019-05-01,1.00
2019-05-01,1.00
2019-05-01,1.00
2019-05-01,1.00
2019-05-01,1.00
2019-05-01,1.00
2019-05-01,1.00
2019-05-01,1.00
2019-05-01,1.00
2019-05-01,1.00
2019-05-01,1.00
2019-05-01,1.00
2019-05-01,1.00
2019-05-01,1.00
2019-05-01,1.00
2019-05-01,1.00
2019-05-01,5.00
2019-05-01,1.00
2019-05-01,1.00
2019-05-01,1.00
2019-05-01,1.00
2019-05-01,2.00
2019-05-01,1.00
2019-05-01,1.00
2019-05-01,2.00
2019-05-01,1.00
2019-05-01,1.00
2019-05-01,1.00
2019-05-01,1.00
2019-05-01,1.00
2019-05-01,1.00
2019-05-01,1.00
2019-05-01,1.00
2019-05-01,1.00
2019-05-01,1.00
2019-05-01,1.00
2019-05-01,1.00
2019-05-01,4.00
2019-05-01,1.00
2019-05-01,3.00
2019-05-01,1.00
2019-05-01,1.00
2019-05-01,1.00
2019-05-01,1.00
2019-05-01,1.00
2019-05-01,1.00
2019-05-01,1.00
2019-05-01,1.00
2019-05-01,1.00
2019-05-01,2.00
2019-05-01,1.00
2019-05-01,2.00
2019-05-01,1.00
2019-05-01,1.00
2019-05-01,1.00
2019-05-01,1.00
2019-05-01,3.00
2019-05-01,1.00
2019-05-01,1.00
2019-05-01,1.00
2019-05-01,1.00
2019-05-01,1.00
2019-05-01,1.00
2019-05-01,1.00
2019-05-01,1.00
2019-05-01,2.00
2019-05-01,1.00
2019-05-01,1.00
2019-05-01,1.00
2019-05-01,2.00
2019-05-01,1.00
2019-05-01,2.00
2019-05-01,1.00
2019-05-01,1.00
2019-05-01,1.00
2019-05-01,1.00
2019-05-01,1.00
2019-05-01,1.00
2019-05-01,1.00
2019-05-01,1.00
2019-05-01,1.00
2019-05-01,1.00
2019-05-01,1.00
2019-05-01,1.00
2019-05-01,1.00
2019-05-01,2.00
2019-05-01,1.00
2019-05-01,1.00
2019-05-01,1.00
2019-05-01,1.00
2019-05-01,1.00
2019-05-01,1.00
2019-05-01,1.00
2019-05-01,1.00
2019-05-01,1.00
2019-05-01,1.00
2019-05-01,1.00
2019-05-01,1.00
2019-05-01,2.00
2019-05-01,1.00
2019-05-01,1.00
2019-05-01,1.00
2019-05-01,1.00
2019-05-01,1.00
2019-05-01,1.00
2019-05-01,1.00
2019-05-01,1.00
2019-05-01,1.00
2019-05-01,2.00
2019-05-01,1.00
2019-05-01,1.00
2019-05-01,1.00
2019-05-01,1.00
2019-05-01,1.00
2019-05-01,1.00
2019-05-01,1.00
2019-05-01,1.00
2019-05-01,1.00
2019-05-01,1.00
2019-05-01,1.00
2019-05-01,1.00
2019-05-01,1.00
2019-05-01,1.00
2019-05-01,1.00
2019-05-01,1.00
2019-05-01,1.00
2019-05-01,1.00
2019-05-01,1.00
2019-05-01,1.00
2019-05-01,1.00
2019-05-01,1.00
2019-05-01,1.00
2019-05-01,1.00
2019-05-01,1.00
2019-05-01,2.00
2019-05-01,1.00
2019-05-01,1.00
2019-05-01,1.00
2019-05-01,1.00
2019-05-01,1.00
2019-05-01,1.00
2019-05-01,1.00
2019-05-01,1.00
2019-05-01,1.00
2019-05-01,1.00
2019-05-01,1.00
2019-05-01,1.00
2019-05-01,1.00
2019-05-01,3.00
2019-05-01,3.00
2019-05-01,1.00
2019-05-01,1.00
2019-05-01,1.00
2019-05-01,1.00
2019-05-01,1.00
2019-05-01,1.00
2019-05-01,4.00
2019-05-01,1.00
2019-05-01,1.00
2019-05-01,1.00
2019-05-01,1.00
2019-05-01,1.00
2019-05-01,1.00
2019-05-01,1.00
2019-05-01,1.00
2019-05-01,1.00
2019-05-01,1.00
2019-05-01,1.00
2019-05-01,1.00
2019-05-01,1.00
2019-05-01,1.00
2019-05-01,1.00
2019-05-01,1.00
2019-05-01,1.00
2019-05-01,1.00
2019-05-01,1.00
2019-05-01,1.00
2019-05-01,1.00
2019-05-01,1.00
2019-05-01,1.00
2019-05-01,1.00
2019-05-01,1.00
2019-05-01,1.00
2019-05-01,1.00
2019-05-01,2.00
2019-05-01,1.00
2019-05-01,1.00
2019-05-01,1.00
2019-05-01,1.00
2019-05-01,2.00
2019-05-01,1.00
2019-05-01,1.00
2019-05-01,1.00
2019-05-01,1.00
2019-05-01,1.00
2019-05-01,1.00
2019-05-01,1.00
2019-05-01,4.00
2019-05-01,1.00
2019-05-01,1.00
2019-05-01,1.00
2019-05-01,2.00
2019-05-01,1.00
2019-05-01,2.00
2019-05-01,1.00
2019-05-01,1.00
2019-05-01,2.00
2019-05-01,3.00
2019-05-01,1.00
2019-05-01,1.00
2019-05-01,1.00
2019-05-01,1.00
2019-05-01,1.00
2019-05-01,1.00
2019-05-01,1.00
2019-05-01,1.00
2019-05-01,1.00
2019-06-01,1.00
2019-06-01,1.00
2019-06-01,1.00
2019-06-01,2.00
2019-06-01,1.00
2019-06-01,1.00
2019-06-01,1.00
2019-06-01,1.00
2019-06-01,1.00
2019-06-01,1.00
2019-06-01,1.00
2019-06-01,1.00
2019-06-01,1.00
2019-06-01,1.00
2019-06-01,1.00
2019-06-01,2.00
2019-06-01,1.00
2019-06-01,1.00
2019-06-01,1.00
2019-06-01,1.00
2019-06-01,1.00
2019-06-01,1.00
2019-06-01,1.00
2019-06-01,1.00
2019-06-01,1.00
2019-06-01,2.00
2019-06-01,1.00
2019-06-01,1.00
2019-06-01,1.00
2019-06-01,1.00
2019-06-01,1.00
2019-06-01,1.00
2019-06-01,1.00
2019-06-01,1.00
2019-06-01,1.00
2019-06-01,1.00
2019-06-01,1.00
2019-06-01,1.00
2019-06-01,1.00
2019-06-01,1.00
2019-06-01,1.00
2019-06-01,1.00
2019-06-01,1.00
2019-06-01,2.00
2019-06-01,2.00
2019-06-01,1.00
2019-06-01,1.00
2019-06-01,1.00
2019-06-01,1.00
2019-06-01,1.00
2019-06-01,1.00
2019-06-01,1.00
2019-06-01,1.00
2019-06-01,1.00
2019-06-01,1.00
2019-06-01,2.00
2019-06-01,1.00
2019-06-01,1.00
2019-06-01,1.00
2019-06-01,1.00
2019-06-01,1.00
2019-06-01,2.00
2019-06-01,1.00
2019-06-01,1.00
2019-06-01,1.00
2019-06-01,1.00
2019-06-01,1.00
2019-06-01,1.00
2019-06-01,1.00
2019-06-01,1.00
2019-06-01,1.00
2019-06-01,1.00
2019-06-01,1.00
2019-06-01,1.00
2019-06-01,1.00
2019-06-01,1.00
2019-06-01,2.00
2019-06-01,1.00
2019-06-01,1.00
2019-06-01,1.00
2019-06-01,1.00
2019-06-01,1.00
2019-06-01,1.00
2019-06-01,1.00
2019-06-01,1.00
2019-06-01,1.00
2019-06-01,1.00
2019-06-01,1.00
2019-06-01,1.00
2019-06-01,1.00
2019-06-01,1.00
2019-06-01,1.00
2019-06-01,1.00
2019-06-01,2.00
2019-06-01,1.00
2019-06-01,1.00
2019-06-01,1.00
2019-06-01,2.00
2019-06-01,1.00
2019-06-01,1.00
2019-06-01,1.00
2019-06-01,1.00
2019-06-01,1.00
2019-06-01,1.00
2019-06-01,2.00
2019-06-01,1.00
2019-06-01,1.00
2019-06-01,1.00
2019-06-01,1.00
2019-06-01,2.00
2019-06-01,1.00
2019-06-01,1.00
2019-06-01,1.00
2019-06-01,1.00
2019-06-01,1.00
2019-06-01,1.00
2019-06-01,1.00
2019-06-01,1.00
2019-06-01,1.00
2019-06-01,1.00
2019-06-01,3.00
2019-06-01,1.00
2019-06-01,1.00
2019-06-01,1.00
2019-06-01,1.00
2019-06-01,1.00
2019-06-01,2.00
2019-06-01,1.00
2019-06-01,1.00
2019-06-01,2.00
2019-06-01,1.00
2019-06-01,1.00
2019-06-01,1.00
2019-06-01,1.00
2019-06-01,1.00
2019-06-01,1.00
2019-06-01,1.00
2019-06-01,1.00
2019-06-01,1.00
2019-06-01,1.00
2019-06-01,1.00
2019-06-01,1.00
2019-06-01,1.00
2019-06-01,1.00
2019-06-01,1.00
2019-06-01,1.00
2019-06-01,1.00
2019-06-01,1.00
2019-06-01,1.00
2019-06-01,1.00
2019-06-01,1.00
2019-06-01,1.00
2019-06-01,1.00
2019-06-01,1.00
2019-06-01,1.00
2019-06-01,1.00
2019-06-01,1.00
2019-06-01,1.00
2019-06-01,1.00
2019-06-01,1.00
2019-06-01,1.00
2019-06-01,1.00
2019-06-01,1.00
2019-06-01,1.00
2019-06-01,1.00
2019-06-01,1.00
2019-06-01,1.00
2019-06-01,1.00
2019-06-01,1.00
2019-06-01,1.00
2019-06-01,1.00
2019-06-01,1.00
2019-06-01,1.00
2019-06-01,1.00
2019-06-01,1.00
2019-06-01,1.00
2019-06-01,1.00
2019-06-01,1.00
2019-06-01,1.00
2019-06-01,1.00
2019-06-01,1.00
2019-06-01,1.00
2019-06-01,1.00
2019-06-01,1.00
2019-06-01,1.00
2019-06-01,1.00
2019-06-01,2.00
2019-06-01,1.00
2019-06-01,1.00
2019-06-01,2.00
2019-06-01,1.00
2019-06-01,1.00
2019-06-01,1.00
2019-06-01,1.00
2019-06-01,1.00
2019-06-01,1.00
2019-06-01,1.00
2019-06-01,1.00
2019-06-01,1.00
2019-06-01,1.00
2019-06-01,1.00
2019-06-01,2.00
2019-06-01,1.00
2019-06-01,1.00
2019-06-01,1.00
2019-06-01,1.00
2019-06-01,1.00
2019-06-01,1.00
2019-06-01,1.00
2019-06-01,1.00
2019-06-01,1.00
2019-06-01,1.00
2019-06-01,1.00
2019-06-01,1.00
2019-06-01,1.00
2019-06-01,1.00
2019-06-01,1.00
2019-06-01,1.00
2019-06-01,1.00
2019-06-01,3.00
2019-06-01,1.00
2019-06-01,1.00
2019-06-01,1.00
2019-06-01,1.00
2019-06-01,1.00
2019-06-01,1.00
2019-06-01,1.00
2019-06-01,1.00
2019-06-01,1.00
2019-06-01,1.00
2019-06-01,1.00
2019-06-01,3.00
2019-06-01,1.00
2019-06-01,1.00
2019-06-01,1.00
2019-06-01,1.00
2019-06-01,1.00
2019-06-01,1.00
2019-06-01,1.00
2019-06-01,1.00
2019-06-01,1.00
2019-06-01,1.00
2019-06-01,1.00
2019-06-01,1.00
2019-06-01,2.00
2019-06-01,2.00
2019-06-01,1.00
2019-06-01,1.00
2019-06-01,1.00
2019-06-01,1.00
2019-06-01,1.00
2019-06-01,1.00
2019-06-01,1.00
2019-06-01,1.00
2019-06-01,1.00
2019-06-01,1.00
2019-06-01,1.00
2019-06-01,2.00
2019-06-01,1.00
2019-06-01,1.00
2019-06-01,1.00
2019-06-01,1.00
2019-06-01,1.00
2019-06-01,1.00
2019-06-01,1.00
2019-06-01,1.00
2019-06-01,1.00
2019-06-01,1.00
2019-06-01,1.00
2019-06-01,1.00
2019-06-01,1.00
2019-06-01,1.00
2019-06-01,1.00
2019-06-01,1.00
2019-06-01,1.00
2019-06-01,2.00
2019-06-01,1.00
2019-06-01,1.00
2019-06-01,1.00
2019-06-01,1.00
2019-06-01,1.00
2019-06-01,1.00
2019-06-01,1.00
2019-06-01,2.00
2019-06-01,1.00
2019-06-01,1.00
2019-06-01,1.00
2019-06-01,1.00
2019-06-01,1.00
2019-06-01,1.00
2019-06-01,1.00
2019-07-01,1.00
2019-07-01,1.00
2019-07-01,1.00
2019-07-01,1.00
2019-07-01,1.00
2019-07-01,1.00
2019-07-01,1.00
2019-07-01,1.00
2019-07-01,1.00
2019-07-01,1.00
2019-07-01,1.00
2019-07-01,2.00
2019-07-01,2.00
2019-07-01,1.00
2019-07-01,1.00
2019-07-01,1.00
2019-07-01,1.00
2019-07-01,1.00
2019-07-01,1.00
2019-07-01,1.00
2019-07-01,1.00
2019-07-01,1.00
2019-07-01,3.00
2019-07-01,2.00
2019-07-01,1.00
2019-07-01,1.00
2019-07-01,1.00
2019-07-01,1.00
2019-07-01,1.00
2019-07-01,1.00
2019-07-01,1.00
2019-07-01,1.00
2019-07-01,1.00
2019-07-01,1.00
2019-07-01,1.00
2019-07-01,1.00
2019-07-01,1.00
2019-07-01,1.00
2019-07-01,1.00
2019-07-01,1.00
2019-07-01,1.00
2019-07-01,1.00
2019-07-01,1.00
2019-07-01,2.00
2019-07-01,2.00
2019-07-01,1.00
2019-07-01,1.00
2019-07-01,1.00
2019-07-01,1.00
2019-07-01,1.00
2019-07-01,1.00
2019-07-01,1.00
2019-07-01,1.00
2019-07-01,2.00
2019-07-01,1.00
2019-07-01,1.00
2019-07-01,1.00
2019-07-01,1.00
2019-07-01,1.00
2019-07-01,1.00
2019-07-01,1.00
2019-07-01,1.00
2019-07-01,1.00
2019-07-01,1.00
2019-07-01,1.00
2019-07-01,1.00
2019-07-01,1.00
2019-07-01,1.00
2019-07-01,1.00
2019-07-01,1.00
2019-07-01,1.00
2019-07-01,1.00
2019-07-01,1.00
2019-07-01,5.00
2019-07-01,1.00
2019-07-01,1.00
2019-07-01,2.00
2019-07-01,1.00
2019-07-01,1.00
2019-07-01,1.00
2019-07-01,1.00
2019-07-01,1.00
2019-07-01,1.00
2019-07-01,1.00
2019-07-01,1.00
2019-07-01,1.00
2019-07-01,1.00
2019-07-01,1.00
2019-07-01,1.00
2019-07-01,2.00
2019-07-01,1.00
2019-07-01,1.00
2019-07-01,1.00
2019-07-01,1.00
2019-07-01,1.00
2019-07-01,2.00
2019-07-01,1.00
2019-07-01,1.00
2019-07-01,1.00
2019-07-01,1.00
2019-07-01,1.00
2019-07-01,1.00
2019-07-01,1.00
2019-07-01,1.00
2019-07-01,1.00
2019-07-01,1.00
2019-07-01,1.00
2019-07-01,1.00
2019-07-01,1.00
2019-07-01,2.00
2019-07-01,1.00
2019-07-01,1.00
2019-07-01,1.00
2019-07-01,1.00
2019-07-01,3.00
2019-07-01,1.00
2019-07-01,1.00
2019-07-01,1.00
2019-07-01,1.00
2019-07-01,1.00
2019-07-01,2.00
2019-07-01,1.00
2019-07-01,1.00
2019-07-01,1.00
2019-07-01,1.00
2019-07-01,1.00
2019-07-01,1.00
2019-07-01,1.00
2019-07-01,1.00
2019-07-01,1.00
2019-07-01,2.00
2019-07-01,1.00
2019-07-01,1.00
2019-07-01,1.00
2019-07-01,1.00
2019-07-01,1.00
2019-07-01,1.00
2019-07-01,1.00
2019-07-01,1.00
2019-07-01,2.00
2019-07-01,1.00
2019-07-01,1.00
2019-07-01,1.00
2019-07-01,1.00
2019-07-01,1.00
2019-07-01,1.00
2019-07-01,1.00
2019-07-01,1.00
2019-07-01,1.00
2019-07-01,1.00
2019-07-01,1.00
2019-07-01,1.00
2019-07-01,2.00
2019-07-01,1.00
2019-07-01,1.00
2019-07-01,1.00
2019-07-01,1.00
2019-07-01,1.00
2019-07-01,3.00
2019-07-01,1.00
2019-07-01,1.00
2019-07-01,1.00
2019-07-01,1.00
2019-07-01,1.00
2019-07-01,1.00
2019-07-01,3.00
2019-07-01,1.00
2019-07-01,2.00
2019-07-01,1.00
2019-07-01,1.00
2019-07-01,1.00
2019-07-01,1.00
2019-07-01,1.00
2019-07-01,3.00
2019-07-01,1.00
2019-07-01,1.00
2019-07-01,1.00
2019-07-01,1.00
2019-07-01,1.00
2019-07-01,1.00
2019-07-01,1.00
2019-07-01,1.00
2019-07-01,1.00
2019-07-01,1.00
2019-07-01,2.00
2019-07-01,1.00
2019-07-01,1.00
2019-07-01,1.00
2019-07-01,1.00
2019-07-01,1.00
2019-07-01,1.00
2019-07-01,1.00
2019-07-01,1.00
2019-07-01,1.00
2019-07-01,1.00
2019-07-01,1.00
2019-07-01,1.00
2019-07-01,1.00
2019-07-01,1.00
2019-07-01,1.00
2019-07-01,1.00
2019-07-01,2.00
2019-07-01,1.00
2019-07-01,2.00
2019-07-01,1.00
2019-07-01,2.00
2019-07-01,1.00
2019-07-01,1.00
2019-07-01,1.00
2019-07-01,1.00
2019-07-01,1.00
2019-07-01,1.00
2019-07-01,1.00
2019-07-01,1.00
2019-07-01,1.00
2019-07-01,1.00
2019-07-01,1.00
2019-07-01,1.00
2019-07-01,1.00
2019-07-01,1.00
2019-07-01,1.00
2019-07-01,1.00
2019-07-01,1.00
2019-07-01,1.00
2019-07-01,1.00
2019-07-01,1.00
2019-07-01,1.00
2019-07-01,1.00
2019-07-01,1.00
2019-07-01,1.00
2019-07-01,1.00
2019-07-01,1.00
2019-07-01,1.00
2019-07-01,1.00
2019-07-01,1.00
2019-07-01,1.00
2019-07-01,1.00
2019-07-01,1.00
2019-07-01,1.00
2019-07-01,1.00
2019-07-01,1.00
2019-07-01,1.00
2019-07-01,1.00
2019-07-01,1.00
2019-07-01,1.00
2019-07-01,1.00
2019-07-01,1.00
2019-07-01,1.00
2019-07-01,1.00
2019-07-01,1.00
2019-07-01,1.00
2019-07-01,1.00
2019-07-01,1.00
2019-07-01,1.00
2019-07-01,1.00
2019-07-01,1.00
2019-07-01,1.00
2019-07-01,1.00
2019-07-01,1.00
2019-07-01,1.00
2019-07-01,1.00
2019-07-01,1.00
2019-07-01,1.00
2019-07-01,1.00
2019-07-01,1.00
2019-07-01,1.00
2019-07-01,1.00
2019-07-01,1.00
2019-07-01,1.00
2019-07-01,1.00
2019-07-01,1.00
2019-07-01,1.00
2019-07-01,1.00
2019-07-01,1.00
2019-07-01,2.00
2019-07-01,1.00
2019-07-01,1.00
2019-07-01,1.00
2019-07-01,1.00
2019-07-01,2.00
2019-07-01,1.00
2019-07-01,1.00
2019-07-01,1.00
2019-07-01,1.00
2019-07-01,1.00
2019-07-01,1.00
2019-07-01,1.00
2019-07-01,1.00
2019-07-01,1.00
2019-07-01,1.00
2019-07-01,1.00
2019-07-01,1.00
2019-07-01,1.00
2019-07-01,1.00
2019-07-01,1.00
2019-07-01,1.00
2019-07-01,1.00
2019-07-01,1.00
2019-07-01,1.00
2019-07-01,1.00
2019-07-01,1.00
2019-07-01,1.00
2019-07-01,1.00
2019-07-01,1.00
2019-07-01,1.00
2019-07-01,1.00
2019-07-01,1.00
2019-07-01,1.00
2019-08-01,1.00
2019-08-01,1.00
2019-08-01,1.00
2019-08-01,1.00
2019-08-01,1.00
2019-08-01,1.00
2019-08-01,2.00
2019-08-01,1.00
2019-08-01,1.00
2019-08-01,1.00
2019-08-01,1.00
2019-08-01,1.00
2019-08-01,1.00
2019-08-01,1.00
2019-08-01,1.00
2019-08-01,1.00
2019-08-01,1.00
2019-08-01,1.00
2019-08-01,1.00
2019-08-01,1.00
2019-08-01,1.00
2019-08-01,1.00
2019-08-01,1.00
2019-08-01,1.00
2019-08-01,2.00
2019-08-01,1.00
2019-08-01,1.00
2019-08-01,1.00
2019-08-01,1.00
2019-08-01,1.00
2019-08-01,1.00
2019-08-01,1.00
2019-08-01,1.00
2019-08-01,1.00
2019-08-01,1.00
2019-08-01,1.00
2019-08-01,1.00
2019-08-01,1.00
2019-08-01,1.00
2019-08-01,1.00
2019-08-01,1.00
2019-08-01,1.00
2019-08-01,1.00
2019-08-01,1.00
2019-08-01,1.00
2019-08-01,1.00
2019-08-01,1.00
2019-08-01,1.00
2019-08-01,1.00
2019-08-01,1.00
2019-08-01,2.00
2019-08-01,1.00
2019-08-01,1.00
2019-08-01,1.00
2019-08-01,1.00
2019-08-01,1.00
2019-08-01,1.00
2019-08-01,1.00
2019-08-01,1.00
2019-08-01,1.00
2019-08-01,1.00
2019-08-01,1.00
2019-08-01,1.00
2019-08-01,2.00
2019-08-01,1.00
2019-08-01,1.00
2019-08-01,1.00
2019-08-01,1.00
2019-08-01,1.00
2019-08-01,1.00
2019-08-01,1.00
2019-08-01,1.00
2019-08-01,1.00
2019-08-01,1.00
2019-08-01,1.00
2019-08-01,1.00
2019-08-01,3.00
2019-08-01,2.00
2019-08-01,1.00
2019-08-01,1.00
2019-08-01,2.00
2019-08-01,1.00
2019-08-01,1.00
2019-08-01,1.00
2019-08-01,3.00
2019-08-01,1.00
2019-08-01,1.00
2019-08-01,1.00
2019-08-01,1.00
2019-08-01,1.00
2019-08-01,1.00
2019-08-01,1.00
2019-08-01,1.00
2019-08-01,1.00
2019-08-01,2.00
2019-08-01,1.00
2019-08-01,1.00
2019-08-01,6.00
2019-08-01,1.00
2019-08-01,1.00
2019-08-01,1.00
2019-08-01,1.00
2019-08-01,1.00
2019-08-01,1.00
2019-08-01,1.00
2019-08-01,1.00
2019-08-01,1.00
2019-08-01,1.00
2019-08-01,2.00
2019-08-01,1.00
2019-08-01,1.00
2019-08-01,2.00
2019-08-01,1.00
2019-08-01,2.00
2019-08-01,1.00
2019-08-01,1.00
2019-08-01,1.00
2019-08-01,1.00
2019-08-01,1.00
2019-08-01,1.00
2019-08-01,1.00
2019-08-01,2.00
2019-08-01,1.00
2019-08-01,1.00
2019-08-01,1.00
2019-08-01,1.00
2019-08-01,1.00
2019-08-01,1.00
2019-08-01,1.00
2019-08-01,1.00
2019-08-01,1.00
2019-08-01,1.00
2019-08-01,1.00
2019-08-01,1.00
2019-08-01,1.00
2019-08-01,1.00
2019-08-01,1.00
2019-08-01,1.00
2019-08-01,1.00
2019-08-01,1.00
2019-08-01,1.00
2019-08-01,1.00
2019-08-01,1.00
2019-08-01,1.00
2019-08-01,1.00
2019-08-01,1.00
2019-08-01,1.00
2019-08-01,1.00
2019-08-01,1.00
2019-08-01,1.00
2019-08-01,1.00
2019-08-01,1.00
2019-08-01,1.00
2019-08-01,1.00
2019-08-01,1.00
2019-08-01,1.00
2019-08-01,1.00
2019-08-01,1.00
2019-08-01,1.00
2019-08-01,1.00
2019-08-01,1.00
2019-08-01,1.00
2019-08-01,1.00
2019-08-01,1.00
2019-08-01,1.00
2019-08-01,1.00
2019-08-01,2.00
2019-08-01,2.00
2019-08-01,1.00
2019-08-01,1.00
2019-08-01,1.00
2019-08-01,1.00
2019-08-01,3.00
2019-08-01,1.00
2019-08-01,1.00
2019-08-01,2.00
2019-08-01,1.00
2019-08-01,1.00
2019-08-01,1.00
2019-08-01,1.00
2019-08-01,1.00
2019-08-01,1.00
2019-08-01,1.00
2019-08-01,1.00
2019-08-01,1.00
2019-08-01,1.00
2019-08-01,1.00
2019-08-01,1.00
2019-08-01,2.00
2019-08-01,1.00
2019-08-01,1.00
2019-08-01,1.00
2019-08-01,1.00
2019-08-01,1.00
2019-08-01,1.00
2019-08-01,1.00
2019-08-01,1.00
2019-08-01,1.00
2019-08-01,1.00
2019-08-01,1.00
2019-08-01,2.00
2019-08-01,1.00
2019-08-01,1.00
2019-08-01,1.00
2019-08-01,1.00
2019-08-01,1.00
2019-08-01,1.00
2019-08-01,1.00
2019-08-01,1.00
2019-08-01,1.00
2019-08-01,1.00
2019-08-01,1.00
2019-08-01,2.00
2019-08-01,1.00
2019-08-01,1.00
2019-08-01,1.00
2019-08-01,2.00
2019-08-01,1.00
2019-08-01,1.00
2019-08-01,1.00
2019-08-01,1.00
2019-08-01,1.00
2019-08-01,1.00
2019-08-01,1.00
2019-08-01,1.00
2019-08-01,1.00
2019-08-01,1.00
2019-08-01,1.00
2019-08-01,1.00
2019-08-01,1.00
2019-08-01,2.00
2019-08-01,1.00
2019-08-01,1.00
2019-08-01,1.00
2019-08-01,1.00
2019-08-01,1.00
2019-08-01,1.00
2019-08-01,1.00
2019-08-01,1.00
2019-08-01,1.00
2019-08-01,1.00
2019-08-01,1.00
2019-08-01,1.00
2019-08-01,1.00
2019-08-01,1.00
2019-08-01,1.00
2019-08-01,1.00
2019-08-01,1.00
2019-08-01,1.00
2019-08-01,1.00
2019-08-01,1.00
2019-08-01,1.00
2019-08-01,1.00
2019-08-01,1.00
2019-08-01,1.00
2019-08-01,1.00
2019-08-01,1.00
2019-08-01,1.00
2019-08-01,1.00
2019-08-01,1.00
2019-08-01,1.00
2019-08-01,3.00
2019-08-01,1.00
2019-08-01,1.00
2019-08-01,1.00
2019-08-01,2.00
2019-08-01,1.00
2019-08-01,1.00
2019-08-01,1.00
2019-08-01,1.00
2019-08-01,1.00
2019-08-01,1.00
2019-08-01,1.00
2019-08-01,1.00
2019-08-01,1.00
2019-08-01,1.00
2019-08-01,1.00
2019-08-01,1.00
2019-08-01,1.00
2019-08-01,1.00
2019-08-01,1.00
2019-08-01,1.00
2019-08-01,2.00
2019-08-01,1.00
2019-09-01,3.00
2019-09-01,1.00
2019-09-01,1.00
2019-09-01,1.00
2019-09-01,1.00
2019-09-01,1.00
2019-09-01,1.00
2019-09-01,1.00
2019-09-01,1.00
2019-09-01,1.00
2019-09-01,1.00
2019-09-01,2.00
2019-09-01,1.00
2019-09-01,2.00
2019-09-01,1.00
2019-09-01,1.00
2019-09-01,1.00
2019-09-01,1.00
2019-09-01,1.00
2019-09-01,1.00
2019-09-01,1.00
2019-09-01,1.00
2019-09-01,1.00
2019-09-01,1.00
2019-09-01,3.00
2019-09-01,1.00
2019-09-01,1.00
2019-09-01,1.00
2019-09-01,1.00
2019-09-01,1.00
2019-09-01,1.00
2019-09-01,1.00
2019-09-01,1.00
2019-09-01,1.00
2019-09-01,1.00
2019-09-01,
2019-09-01,1.00
2019-09-01,1.00
2019-09-01,1.00
2019-09-01,1.00
2019-09-01,1.00
2019-09-01,1.00
2019-09-01,1.00
2019-09-01,1.00
2019-09-01,1.00
2019-09-01,1.00
2019-09-01,1.00
2019-09-01,1.00
2019-09-01,1.00
2019-09-01,1.00
2019-09-01,1.00
2019-09-01,1.00
2019-09-01,1.00
2019-09-01,1.00
2019-09-01,1.00
2019-09-01,1.00
2019-09-01,1.00
2019-09-01,1.00
2019-09-01,1.00
2019-09-01,1.00
2019-09-01,1.00
2019-09-01,1.00
2019-09-01,1.00
2019-09-01,1.00
2019-09-01,1.00
2019-09-01,1.00
2019-09-01,1.00
2019-09-01,1.00
2019-09-01,1.00
2019-09-01,1.00
2019-09-01,1.00
2019-09-01,1.00
2019-09-01,1.00
2019-09-01,1.00
2019-09-01,1.00
2019-09-01,1.00
2019-09-01,1.00
2019-09-01,1.00
2019-09-01,1.00
2019-09-01,1.00
2019-09-01,1.00
2019-09-01,1.00
2019-09-01,1.00
2019-09-01,1.00
2019-09-01,1.00
2019-09-01,1.00
2019-09-01,1.00
2019-09-01,1.00
2019-09-01,1.00
2019-09-01,1.00
2019-09-01,1.00
2019-09-01,1.00
2019-09-01,1.00
2019-09-01,1.00
2019-09-01,1.00
2019-09-01,1.00
2019-09-01,2.00
2019-09-01,1.00
2019-09-01,1.00
2019-09-01,1.00
2019-09-01,1.00
2019-09-01,1.00
2019-09-01,1.00
2019-09-01,1.00
2019-09-01,1.00
2019-09-01,1.00
2019-09-01,1.00
2019-09-01,1.00
2019-09-01,1.00
2019-09-01,1.00
2019-09-01,1.00
2019-09-01,1.00
2019-09-01,1.00
2019-09-01,1.00
2019-09-01,1.00
2019-09-01,1.00
2019-09-01,1.00
2019-09-01,1.00
2019-09-01,3.00
2019-09-01,1.00
2019-09-01,1.00
2019-09-01,1.00
2019-09-01,1.00
2019-09-01,1.00
2019-09-01,1.00
2019-09-01,1.00
2019-09-01,1.00
2019-09-01,1.00
2019-09-01,3.00
2019-09-01,1.00
2019-09-01,1.00
2019-09-01,1.00
2019-09-01,1.00
2019-09-01,1.00
2019-09-01,1.00
2019-09-01,1.00
2019-09-01,1.00
2019-09-01,1.00
2019-09-01,1.00
2019-09-01,1.00
2019-09-01,1.00
2019-09-01,1.00
2019-09-01,1.00
2019-09-01,1.00
2019-09-01,1.00
2019-09-01,2.00
2019-09-01,1.00
2019-09-01,1.00
2019-09-01,1.00
2019-09-01,1.00
2019-09-01,1.00
2019-09-01,3.00
2019-09-01,1.00
2019-09-01,1.00
2019-09-01,1.00
2019-09-01,1.00
2019-09-01,1.00
2019-09-01,1.00
2019-09-01,1.00
2019-09-01,1.00
2019-09-01,1.00
2019-09-01,1.00
2019-09-01,1.00
2019-09-01,1.00
2019-09-01,3.00
2019-09-01,1.00
2019-09-01,1.00
2019-09-01,1.00
2019-09-01,1.00
2019-09-01,1.00
2019-09-01,1.00
2019-09-01,1.00
2019-09-01,1.00
2019-09-01,1.00
2019-09-01,1.00
2019-09-01,2.00
2019-09-01,1.00
2019-09-01,1.00
2019-09-01,1.00
2019-09-01,1.00
2019-09-01,1.00
2019-09-01,1.00
2019-09-01,1.00
2019-09-01,1.00
2019-09-01,1.00
2019-09-01,1.00
2019-09-01,1.00
2019-09-01,1.00
2019-09-01,1.00
2019-09-01,1.00
2019-09-01,1.00
2019-09-01,1.00
2019-09-01,1.00
2019-09-01,2.00
2019-09-01,1.00
2019-09-01,1.00
2019-09-01,1.00
2019-09-01,1.00
2019-09-01,3.00
2019-09-01,1.00
2019-09-01,1.00
2019-09-01,1.00
2019-09-01,1.00
2019-09-01,3.00
2019-09-01,1.00
2019-09-01,1.00
2019-09-01,1.00
2019-09-01,1.00
2019-09-01,1.00
2019-09-01,1.00
2019-09-01,1.00
2019-09-01,1.00
2019-09-01,1.00
2019-09-01,1.00
2019-09-01,1.00
2019-09-01,1.00
2019-09-01,1.00
2019-09-01,2.00
2019-09-01,1.00
2019-09-01,1.00
2019-09-01,1.00
2019-09-01,1.00
2019-09-01,1.00
2019-09-01,1.00
2019-09-01,1.00
2019-09-01,1.00
2019-09-01,1.00
2019-09-01,1.00
2019-09-01,1.00
2019-09-01,1.00
2019-09-01,1.00
2019-09-01,1.00
2019-09-01,1.00
2019-09-01,1.00
2019-09-01,2.00
2019-09-01,1.00
2019-09-01,1.00
2019-09-01,1.00
2019-09-01,1.00
2019-09-01,1.00
2019-09-01,1.00
2019-09-01,1.00
2019-09-01,1.00
2019-09-01,1.00
2019-09-01,1.00
2019-09-01,1.00
2019-09-01,1.00
2019-09-01,1.00
2019-09-01,1.00
2019-09-01,3.00
2019-09-01,1.00
2019-09-01,2.00
2019-09-01,1.00
2019-09-01,1.00
2019-09-01,1.00
2019-09-01,1.00
2019-09-01,1.00
2019-09-01,1.00
2019-09-01,1.00
2019-09-01,1.00
2019-09-01,2.00
2019-09-01,1.00
2019-09-01,1.00
2019-09-01,1.00
2019-09-01,1.00
2019-09-01,1.00
2019-09-01,2.00
2019-09-01,1.00
2019-09-01,1.00
2019-09-01,1.00
2019-09-01,1.00
2019-09-01,1.00
2019-09-01,1.00
2019-09-01,1.00
2019-09-01,1.00
2019-09-01,1.00
2019-09-01,1.00
2019-09-01,1.00
2019-09-01,1.00
2019-09-01,1.00
2019-09-01,1.00
2019-09-01,1.00
2019-09-01,1.00
2019-09-01,1.00
2019-09-01,1.00
2019-09-01,3.00
2019-09-01,1.00
2019-09-01,1.00
2019-09-01,1.00
2019-09-01,1.00
2019-09-01,1.00
2019-09-01,1.00
2019-09-01,1.00
2019-09-01,2.00
2019-09-01,1.00
2019-09-01,4.00
2019-09-01,1.00
2019-09-01,1.00
2019-09-01,1.00
2019-09-01,2.00
2019-09-01,1.00
2019-09-01,1.00
2019-09-01,1.00
2019-09-01,4.00
2019-09-01,1.00
2019-09-01,1.00
2019-09-01,1.00
2019-09-01,1.00
2019-09-01,2.00
2019-09-01,1.00
2019-09-01,1.00
2019-09-01,1.00
2019-09-01,1.00
2019-09-01,1.00
2019-09-01,1.00
2019-09-01,1.00
2019-09-01,1.00
2019-10-01,1.00
2019-10-01,1.00
2019-10-01,1.00
2019-10-01,1.00
2019-10-01,1.00
2019-10-01,1.00
2019-10-01,1.00
2019-10-01,1.00
2019-10-01,1.00
2019-10-01,1.00
2019-10-01,1.00
2019-10-01,1.00
2019-10-01,1.00
2019-10-01,1.00
2019-10-01,1.00
2019-10-01,1.00
2019-10-01,1.00
2019-10-01,1.00
2019-10-01,2.00
2019-10-01,1.00
2019-10-01,1.00
2019-10-01,1.00
2019-10-01,1.00
2019-10-01,1.00
2019-10-01,1.00
2019-10-01,1.00
2019-10-01,1.00
2019-10-01,1.00
2019-10-01,1.00
2019-10-01,1.00
2019-10-01,3.00
2019-10-01,1.00
2019-10-01,1.00
2019-10-01,1.00
2019-10-01,2.00
2019-10-01,1.00
2019-10-01,1.00
2019-10-01,1.00
2019-10-01,1.00
2019-10-01,1.00
2019-10-01,1.00
2019-10-01,1.00
2019-10-01,1.00
2019-10-01,1.00
2019-10-01,1.00
2019-10-01,2.00
2019-10-01,2.00
2019-10-01,1.00
2019-10-01,1.00
2019-10-01,1.00
2019-10-01,1.00
2019-10-01,1.00
2019-10-01,1.00
2019-10-01,1.00
2019-10-01,1.00
2019-10-01,1.00
2019-10-01,1.00
2019-10-01,1.00
2019-10-01,1.00
2019-10-01,1.00
2019-10-01,1.00
2019-10-01,1.00
2019-10-01,1.00
2019-10-01,1.00
2019-10-01,1.00
2019-10-01,1.00
2019-10-01,1.00
2019-10-01,1.00
2019-10-01,1.00
2019-10-01,1.00
2019-10-01,1.00
2019-10-01,1.00
2019-10-01,1.00
2019-10-01,1.00
2019-10-01,2.00
2019-10-01,1.00
2019-10-01,1.00
2019-10-01,1.00
2019-10-01,1.00
2019-10-01,1.00
2019-10-01,1.00
2019-10-01,2.00
2019-10-01,1.00
2019-10-01,1.00
2019-10-01,1.00
2019-10-01,1.00
2019-10-01,1.00
2019-10-01,1.00
2019-10-01,1.00
2019-10-01,1.00
2019-10-01,2.00
2019-10-01,1.00
2019-10-01,1.00
2019-10-01,1.00
2019-10-01,1.00
2019-10-01,1.00
2019-10-01,1.00
2019-10-01,1.00
2019-10-01,1.00
2019-10-01,1.00
2019-10-01,1.00
2019-10-01,1.00
2019-10-01,1.00
2019-10-01,1.00
2019-10-01,1.00
2019-10-01,1.00
2019-10-01,1.00
2019-10-01,1.00
2019-10-01,1.00
2019-10-01,1.00
2019-10-01,1.00
2019-10-01,1.00
2019-10-01,1.00
2019-10-01,1.00
2019-10-01,1.00
2019-10-01,1.00
2019-10-01,1.00
2019-10-01,1.00
2019-10-01,1.00
2019-10-01,1.00
2019-10-01,1.00
2019-10-01,1.00
2019-10-01,1.00
2019-10-01,2.00
2019-10-01,1.00
2019-10-01,1.00
2019-10-01,1.00
2019-10-01,1.00
2019-10-01,1.00
2019-10-01,1.00
2019-10-01,1.00
2019-10-01,1.00
2019-10-01,1.00
2019-10-01,1.00
2019-10-01,1.00
2019-10-01,1.00
2019-10-01,1.00
2019-10-01,1.00
2019-10-01,1.00
2019-10-01,1.00
2019-10-01,1.00
2019-10-01,1.00
2019-10-01,1.00
2019-10-01,1.00
2019-10-01,1.00
2019-10-01,1.00
2019-10-01,1.00
2019-10-01,1.00
2019-10-01,1.00
2019-10-01,2.00
2019-10-01,1.00
2019-10-01,1.00
2019-10-01,1.00
2019-10-01,1.00
2019-10-01,1.00
2019-10-01,1.00
2019-10-01,2.00
2019-10-01,1.00
2019-10-01,1.00
2019-10-01,1.00
2019-10-01,1.00
2019-10-01,1.00
2019-10-01,1.00
2019-10-01,1.00
2019-10-01,1.00
2019-10-01,1.00
2019-10-01,1.00
2019-10-01,1.00
2019-10-01,1.00
2019-10-01,1.00
2019-10-01,3.00
2019-10-01,1.00
2019-10-01,1.00
2019-10-01,1.00
2019-10-01,2.00
2019-10-01,1.00
2019-10-01,1.00
2019-10-01,1.00
2019-10-01,1.00
2019-10-01,1.00
2019-10-01,1.00
2019-10-01,1.00
2019-10-01,1.00
2019-10-01,1.00
2019-10-01,1.00
2019-10-01,2.00
2019-10-01,1.00
2019-10-01,1.00
2019-10-01,1.00
2019-10-01,1.00
2019-10-01,1.00
2019-10-01,1.00
2019-10-01,1.00
2019-10-01,1.00
2019-10-01,1.00
2019-10-01,1.00
2019-10-01,1.00
2019-10-01,1.00
2019-10-01,1.00
2019-10-01,1.00
2019-10-01,1.00
2019-10-01,1.00
2019-10-01,1.00
2019-10-01,1.00
2019-10-01,1.00
2019-10-01,1.00
2019-10-01,2.00
2019-10-01,1.00
2019-10-01,1.00
2019-10-01,1.00
2019-10-01,1.00
2019-10-01,3.00
2019-10-01,1.00
2019-10-01,1.00
2019-10-01,1.00
2019-10-01,2.00
2019-10-01,1.00
2019-10-01,1.00
2019-10-01,1.00
2019-10-01,1.00
2019-10-01,1.00
2019-10-01,1.00
2019-10-01,1.00
2019-10-01,1.00
2019-10-01,1.00
2019-10-01,1.00
2019-10-01,1.00
2019-10-01,1.00
2019-10-01,1.00
2019-10-01,1.00
2019-10-01,1.00
2019-10-01,1.00
2019-10-01,1.00
2019-10-01,1.00
2019-10-01,1.00
2019-10-01,1.00
2019-10-01,1.00
2019-10-01,1.00
2019-10-01,2.00
2019-10-01,1.00
2019-10-01,1.00
2019-10-01,1.00
2019-10-01,1.00
2019-10-01,1.00
2019-10-01,1.00
2019-10-01,2.00
2019-10-01,1.00
2019-10-01,1.00
2019-10-01,1.00
2019-10-01,1.00
2019-10-01,1.00
2019-10-01,1.00
2019-10-01,4.00
2019-10-01,1.00
2019-10-01,1.00
2019-10-01,1.00
2019-10-01,1.00
2019-10-01,1.00
2019-10-01,1.00
2019-10-01,1.00
2019-10-01,1.00
2019-10-01,1.00
2019-10-01,1.00
2019-10-01,1.00
2019-10-01,1.00
2019-10-01,1.00
2019-10-01,1.00
2019-10-01,1.00
2019-10-01,1.00
2019-10-01,2.00
2019-10-01,1.00
2019-10-01,1.00
2019-10-01,1.00
2019-10-01,1.00
2019-10-01,1.00
2019-10-01,1.00
2019-10-01,1.00
2019-10-01,1.00
2019-10-01,1.00
2019-10-01,1.00
2019-10-01,1.00
2019-10-01,1.00
2019-10-01,1.00
2019-10-01,1.00
2019-10-01,1.00
2019-10-01,1.00
2019-10-01,1.00
2019-10-01,3.00
2019-10-01,1.00
2019-10-01,1.00
2019-10-01,1.00
2019-10-01,2.00
2019-10-01,1.00
2019-10-01,1.00
2019-10-01,1.00
2019-10-01,1.00
2019-10-01,1.00
2019-10-01,1.00
2019-10-01,2.00
2019-10-01,2.00
2019-10-01,1.00
2019-10-01,1.00
2019-10-01,1.00
2019-10-01,1.00
2019-10-01,1.00
2019-10-01,1.00
2019-10-01,1.00
2019-10-01,1.00
2019-10-01,1.00
2019-10-01,1.00
2019-10-01,1.00
2019-10-01,1.00
2019-10-01,1.00
2019-10-01,1.00
2019-10-01,1.00
2019-10-01,1.00
2019-10-01,1.00
2019-10-01,1.00
2019-10-01,1.00
2019-10-01,1.00
2019-10-01,1.00
2019-10-01,1.00
2019-10-01,2.00
2019-10-01,1.00
2019-10-01,1.00
2019-10-01,1.00
2019-10-01,1.00
2019-10-01,1.00
2019-10-01,1.00
2019-10-01,1.00
2019-10-01,1.00
2019-10-01,1.00
2019-10-01,1.00
2019-10-01,1.00
2019-10-01,1.00
2019-10-01,1.00
2019-11-01,1.00
2019-11-01,1.00
2019-11-01,1.00
2019-11-01,1.00
2019-11-01,1.00
2019-11-01,1.00
2019-11-01,3.00
2019-11-01,1.00
2019-11-01,1.00
2019-11-01,1.00
2019-11-01,2.00
2019-11-01,1.00
2019-11-01,1.00
2019-11-01,1.00
2019-11-01,1.00
2019-11-01,1.00
2019-11-01,1.00
2019-11-01,1.00
2019-11-01,1.00
2019-11-01,1.00
2019-11-01,1.00
2019-11-01,1.00
2019-11-01,1.00
2019-11-01,1.00
2019-11-01,1.00
2019-11-01,1.00
2019-11-01,1.00
2019-11-01,1.00
2019-11-01,1.00
2019-11-01,1.00
2019-11-01,1.00
2019-11-01,1.00
2019-11-01,1.00
2019-11-01,1.00
2019-11-01,1.00
2019-11-01,1.00
2019-11-01,1.00
2019-11-01,1.00
2019-11-01,1.00
2019-11-01,1.00
2019-11-01,1.00
2019-11-01,1.00
2019-11-01,1.00
2019-11-01,1.00
2019-11-01,1.00
2019-11-01,1.00
2019-11-01,1.00
2019-11-01,1.00
2019-11-01,1.00
2019-11-01,1.00
2019-11-01,1.00
2019-11-01,1.00
2019-11-01,1.00
2019-11-01,1.00
2019-11-01,1.00
2019-11-01,1.00
2019-11-01,1.00
2019-11-01,1.00
2019-11-01,1.00
2019-11-01,1.00
2019-11-01,1.00
2019-11-01,1.00
2019-11-01,1.00
2019-11-01,1.00
2019-11-01,1.00
2019-11-01,1.00
2019-11-01,1.00
2019-11-01,1.00
2019-11-01,1.00
2019-11-01,1.00
2019-11-01,1.00
2019-11-01,1.00
2019-11-01,1.00
2019-11-01,1.00
2019-11-01,1.00
2019-11-01,1.00
2019-11-01,1.00
2019-11-01,1.00
2019-11-01,1.00
2019-11-01,1.00
2019-11-01,1.00
2019-11-01,1.00
2019-11-01,1.00
2019-11-01,1.00
2019-11-01,1.00
2019-11-01,1.00
2019-11-01,1.00
2019-11-01,1.00
2019-11-01,1.00
2019-11-01,1.00
2019-11-01,1.00
2019-11-01,1.00
2019-11-01,1.00
2019-11-01,1.00
2019-11-01,1.00
2019-11-01,1.00
2019-11-01,1.00
2019-11-01,1.00
2019-11-01,1.00
2019-11-01,1.00
2019-11-01,2.00
2019-11-01,1.00
2019-11-01,1.00
2019-11-01,1.00
2019-11-01,1.00
2019-11-01,1.00
2019-11-01,1.00
2019-11-01,1.00
2019-11-01,1.00
2019-11-01,2.00
2019-11-01,2.00
2019-11-01,1.00
2019-11-01,1.00
2019-11-01,1.00
2019-11-01,1.00
2019-11-01,1.00
2019-11-01,1.00
2019-11-01,1.00
2019-11-01,1.00
2019-11-01,1.00
2019-11-01,1.00
2019-11-01,1.00
2019-11-01,1.00
2019-11-01,1.00
2019-11-01,2.00
2019-11-01,1.00
2019-11-01,1.00
2019-11-01,1.00
2019-11-01,2.00
2019-11-01,1.00
2019-11-01,1.00
2019-11-01,1.00
2019-11-01,2.00
2019-11-01,1.00
2019-11-01,1.00
2019-11-01,1.00
2019-11-01,1.00
2019-11-01,1.00
2019-11-01,1.00
2019-11-01,1.00
2019-11-01,1.00
2019-11-01,2.00
2019-11-01,1.00
2019-11-01,1.00
2019-11-01,1.00
2019-11-01,1.00
2019-11-01,1.00
2019-11-01,1.00
2019-11-01,1.00
2019-11-01,1.00
2019-11-01,1.00
2019-11-01,1.00
2019-11-01,1.00
2019-11-01,1.00
2019-11-01,1.00
2019-11-01,1.00
2019-11-01,1.00
2019-11-01,1.00
2019-11-01,1.00
2019-11-01,1.00
2019-11-01,1.00
2019-11-01,1.00
2019-11-01,1.00
2019-11-01,1.00
2019-11-01,1.00
2019-11-01,1.00
2019-11-01,1.00
2019-11-01,2.00
2019-11-01,1.00
2019-11-01,1.00
2019-11-01,1.00
2019-11-01,1.00
2019-11-01,1.00
2019-11-01,1.00
2019-11-01,1.00
2019-11-01,1.00
2019-11-01,1.00
2019-11-01,1.00
2019-11-01,1.00
2019-11-01,1.00
2019-11-01,1.00
2019-11-01,5.00
2019-11-01,1.00
2019-11-01,1.00
2019-11-01,1.00
2019-11-01,1.00
2019-11-01,1.00
2019-11-01,1.00
2019-11-01,1.00
2019-11-01,1.00
2019-11-01,1.00
2019-11-01,3.00
2019-11-01,1.00
2019-11-01,1.00
2019-11-01,1.00
2019-11-01,1.00
2019-11-01,1.00
2019-11-01,1.00
2019-11-01,1.00
2019-11-01,1.00
2019-11-01,1.00
2019-11-01,1.00
2019-11-01,1.00
2019-11-01,1.00
2019-11-01,1.00
2019-11-01,1.00
2019-11-01,1.00
2019-11-01,1.00
2019-11-01,2.00
2019-11-01,1.00
2019-11-01,1.00
2019-11-01,1.00
2019-11-01,1.00
2019-11-01,1.00
2019-11-01,1.00
2019-11-01,1.00
2019-11-01,1.00
2019-11-01,1.00
2019-11-01,1.00
2019-11-01,1.00
2019-11-01,1.00
2019-11-01,1.00
2019-11-01,1.00
2019-11-01,1.00
2019-11-01,1.00
2019-11-01,1.00
2019-11-01,1.00
2019-11-01,1.00
2019-11-01,1.00
2019-11-01,1.00
2019-11-01,1.00
2019-11-01,1.00
2019-11-01,1.00
2019-11-01,1.00
2019-11-01,1.00
2019-11-01,1.00
2019-11-01,1.00
2019-11-01,1.00
2019-11-01,1.00
2019-11-01,1.00
2019-11-01,1.00
2019-11-01,1.00
2019-11-01,1.00
2019-11-01,1.00
2019-11-01,1.00
2019-11-01,1.00
2019-11-01,1.00
2019-11-01,1.00
2019-11-01,1.00
2019-11-01,1.00
2019-11-01,1.00
2019-11-01,1.00
2019-11-01,1.00
2019-11-01,1.00
2019-11-01,1.00
2019-11-01,1.00
2019-11-01,1.00
2019-11-01,1.00
2019-11-01,1.00
2019-11-01,1.00
2019-11-01,1.00
2019-11-01,1.00
2019-11-01,1.00
2019-11-01,1.00
2019-11-01,1.00
2019-11-01,1.00
2019-11-01,1.00
2019-11-01,1.00
2019-11-01,1.00
2019-11-01,1.00
2019-11-01,1.00
2019-11-01,1.00
2019-11-01,1.00
2019-11-01,1.00
2019-11-01,1.00
2019-11-01,1.00
2019-11-01,1.00
2019-11-01,2.00
2019-11-01,1.00
2019-11-01,1.00
2019-11-01,1.00
2019-11-01,1.00
2019-11-01,1.00
2019-11-01,1.00
2019-11-01,1.00
2019-11-01,1.00
2019-11-01,1.00
2019-11-01,1.00
2019-11-01,1.00
2019-11-01,1.00
2019-11-01,1.00
2019-11-01,1.00
2019-11-01,1.00
2019-11-01,1.00
2019-11-01,1.00
2019-11-01,1.00
2019-11-01,1.00
2019-11-01,1.00
2019-11-01,1.00
2019-11-01,1.00
2019-11-01,1.00
2019-11-01,1.00
2019-11-01,1.00
2019-11-01,1.00
2019-11-01,1.00
2019-11-01,1.00
2019-11-01,1.00
2019-11-01,1.00
2019-11-01,1.00
2019-11-01,1.00
2019-11-01,1.00
2019-11-01,1.00
2019-11-01,1.00
2019-11-01,1.00
2019-11-01,1.00
2019-11-01,2.00
2019-11-01,1.00
2019-11-01,1.00
2019-11-01,1.00
2019-11-01,1.00
2019-11-01,2.00
2019-11-01,1.00
2019-11-01,1.00
2019-11-01,1.00
2019-11-01,1.00
2019-11-01,1.00
2019-11-01,1.00
2019-11-01,2.00
2019-11-01,1.00
2019-11-01,1.00
2019-11-01,1.00
2019-11-01,1.00
2019-11-01,1.00
2019-11-01,1.00
2019-11-01,1.00
2019-11-01,1.00
2019-11-01,1.00
2019-11-01,1.00
2019-11-01,1.00
2019-11-01,1.00
2019-11-01,1.00
2019-12-01,1.00
2019-12-01,1.00
2019-12-01,1.00
2019-12-01,2.00
2019-12-01,5.00
2019-12-01,1.00
2019-12-01,1.00
2019-12-01,1.00
2019-12-01,1.00
2019-12-01,1.00
2019-12-01,1.00
2019-12-01,1.00
2019-12-01,1.00
2019-12-01,1.00
2019-12-01,1.00
2019-12-01,2.00
2019-12-01,1.00
2019-12-01,1.00
2019-12-01,1.00
2019-12-01,1.00
2019-12-01,1.00
2019-12-01,1.00
2019-12-01,1.00
2019-12-01,1.00
2019-12-01,1.00
2019-12-01,1.00
2019-12-01,1.00
2019-12-01,2.00
2019-12-01,3.00
2019-12-01,1.00
2019-12-01,1.00
2019-12-01,1.00
2019-12-01,1.00
2019-12-01,1.00
2019-12-01,1.00
2019-12-01,1.00
2019-12-01,1.00
2019-12-01,1.00
2019-12-01,1.00
2019-12-01,1.00
2019-12-01,1.00
2019-12-01,1.00
2019-12-01,1.00
2019-12-01,1.00
2019-12-01,1.00
2019-12-01,1.00
2019-12-01,1.00
2019-12-01,1.00
2019-12-01,2.00
2019-12-01,1.00
2019-12-01,1.00
2019-12-01,1.00
2019-12-01,2.00
2019-12-01,2.00
2019-12-01,1.00
2019-12-01,1.00
2019-12-01,1.00
2019-12-01,1.00
2019-12-01,1.00
2019-12-01,1.00
2019-12-01,1.00
2019-12-01,1.00
2019-12-01,1.00
2019-12-01,1.00
2019-12-01,1.00
2019-12-01,1.00
2019-12-01,1.00
2019-12-01,1.00
2019-12-01,1.00
2019-12-01,1.00
2019-12-01,1.00
2019-12-01,2.00
2019-12-01,1.00
2019-12-01,1.00
2019-12-01,1.00
2019-12-01,1.00
2019-12-01,1.00
2019-12-01,1.00
2019-12-01,1.00
2019-12-01,1.00
2019-12-01,1.00
2019-12-01,1.00
2019-12-01,1.00
2019-12-01,1.00
2019-12-01,1.00
2019-12-01,2.00
2019-12-01,3.00
2019-12-01,2.00
2019-12-01,1.00
2019-12-01,1.00
2019-12-01,1.00
2019-12-01,1.00
2019-12-01,1.00
2019-12-01,1.00
2019-12-01,1.00
2019-12-01,1.00
2019-12-01,1.00
2019-12-01,1.00
2019-12-01,1.00
2019-12-01,1.00
2019-12-01,1.00
2019-12-01,1.00
2019-12-01,1.00
2019-12-01,1.00
2019-12-01,2.00
2019-12-01,1.00
2019-12-01,1.00
2019-12-01,1.00
2019-12-01,1.00
2019-12-01,1.00
2019-12-01,1.00
2019-12-01,1.00
2019-12-01,1.00
2019-12-01,4.00
2019-12-01,1.00
2019-12-01,1.00
2019-12-01,1.00
2019-12-01,1.00
2019-12-01,1.00
2019-12-01,1.00
2019-12-01,1.00
2019-12-01,2.00
2019-12-01,1.00
2019-12-01,2.00
2019-12-01,1.00
2019-12-01,1.00
2019-12-01,1.00
2019-12-01,1.00
2019-12-01,2.00
2019-12-01,1.00
2019-12-01,1.00
2019-12-01,2.00
2019-12-01,1.00
2019-12-01,1.00
2019-12-01,1.00
2019-12-01,1.00
2019-12-01,1.00
2019-12-01,2.00
2019-12-01,1.00
2019-12-01,1.00
2019-12-01,1.00
2019-12-01,1.00
2019-12-01,1.00
2019-12-01,1.00
2019-12-01,1.00
2019-12-01,1.00
2019-12-01,1.00
2019-12-01,1.00
2019-12-01,1.00
2019-12-01,1.00
2019-12-01,2.00
2019-12-01,1.00
2019-12-01,1.00
2019-12-01,1.00
2019-12-01,1.00
2019-12-01,1.00
2019-12-01,5.00
2019-12-01,1.00
2019-12-01,1.00
2019-12-01,1.00
2019-12-01,1.00
2019-12-01,1.00
2019-12-01,1.00
2019-12-01,1.00
2019-12-01,1.00
2019-12-01,1.00
2019-12-01,1.00
2019-12-01,1.00
2019-12-01,1.00
2019-12-01,1.00
2019-12-01,1.00
2019-12-01,1.00
2019-12-01,1.00
2019-12-01,1.00
2019-12-01,1.00
2019-12-01,1.00
2019-12-01,1.00
2019-12-01,1.00
2019-12-01,1.00
2019-12-01,1.00
2019-12-01,1.00
2019-12-01,1.00
2019-12-01,1.00
2019-12-01,1.00
2019-12-01,1.00
2019-12-01,1.00
2019-12-01,1.00
2019-12-01,1.00
2019-12-01,1.00
2019-12-01,1.00
2019-12-01,1.00
2019-12-01,1.00
2019-12-01,2.00
2019-12-01,1.00
2019-12-01,1.00
2019-12-01,1.00
2019-12-01,1.00
2019-12-01,1.00
2019-12-01,1.00
2019-12-01,1.00
2019-12-01,1.00
2019-12-01,1.00
2019-12-01,1.00
2019-12-01,2.00
2019-12-01,1.00
2019-12-01,1.00
2019-12-01,1.00
2019-12-01,1.00
2019-12-01,2.00
2019-12-01,2.00
2019-12-01,1.00
2019-12-01,1.00
2019-12-01,1.00
2019-12-01,1.00
2019-12-01,1.00
2019-12-01,1.00
2019-12-01,1.00
2019-12-01,5.00
2019-12-01,1.00
2019-12-01,1.00
2019-12-01,2.00
2019-12-01,1.00
2019-12-01,1.00
2019-12-01,2.00
2019-12-01,1.00
2019-12-01,1.00
2019-12-01,1.00
2019-12-01,2.00
2019-12-01,1.00
2019-12-01,1.00
2019-12-01,1.00
2019-12-01,1.00
2019-12-01,1.00
2019-12-01,1.00
2019-12-01,1.00
2019-12-01,1.00
2019-12-01,1.00
2019-12-01,1.00
2019-12-01,1.00
2019-12-01,1.00
2019-12-01,1.00
2019-12-01,1.00
2019-12-01,1.00
2019-12-01,1.00
2019-12-01,1.00
2019-12-01,1.00
2019-12-01,1.00
2019-12-01,1.00
2019-12-01,1.00
2019-12-01,1.00
2019-12-01,1.00
2019-12-01,1.00
2019-12-01,1.00
2019-12-01,2.00
2019-12-01,1.00
2019-12-01,1.00
2019-12-01,1.00
2019-12-01,1.00
2019-12-01,2.00
2019-12-01,1.00
2019-12-01,1.00
2019-12-01,1.00
2019-12-01,1.00
2019-12-01,1.00
2019-12-01,1.00
2019-12-01,1.00
2019-12-01,1.00
2019-12-01,1.00
2019-12-01,1.00
2019-12-01,1.00
2019-12-01,2.00
2019-12-01,1.00
2019-12-01,1.00
2019-12-01,1.00
2019-12-01,1.00
2019-12-01,1.00
2019-12-01,1.00
2019-12-01,1.00
2019-12-01,1.00
2019-12-01,1.00
2019-12-01,1.00
2019-12-01,1.00
2019-12-01,1.00
2019-12-01,2.00
2019-12-01,1.00
2019-12-01,1.00
2019-12-01,1.00
2019-12-01,1.00
2019-12-01,1.00
2019-12-01,1.00
2019-12-01,1.00
2019-12-01,1.00
2019-12-01,1.00
2019-12-01,1.00
